ISO1366,ISOalpha3,Country name,source,year,u1,u2,u3,u4,u5,u6,u7,u8,u9,u10,u11,u12,u13,u14,u15,u16,u17,r1,r2,r3,r4,r5,r6,r7,r8,r9,r10,r11,r12,r13,r14,r15,r16,r17,urban total,rural total
178,COG,Congo,World Health Survey - WHS03,2003,0.068,0.062,0.0,0.0,0.0,0.0,0.0,0.474,0.172,0.0,0.0,0.0,0.0,0.0,0.0,0.023,0.017,0.0,0.001,0.0,0.0,0.0,0.0,0.0,0.0,0.092,0.0,0.0,0.0,0.0,0.0,0.0,0.191,0.019,0.0,0.334,0.426,0.261,0.0,0.063,0.302,0.28,0.0,0.045,1.4429999999999998,1.387
178,COG,Congo,Demographic and Health Survey - DHS05,2005,0.091,0.0,0.0,0.0,0.0,0.0,0.0,0.256,0.198,0.456,0.0,0.0,0.0,0.0,0.0,0.037,0.0,0.0,0.003,0.0,0.0,0.0,0.0,0.0,0.0,0.018,0.427,0.0,0.0,0.0,0.0,0.0,0.175,0.0,0.0,0.019,0.357,0.037,0.784,0.058,0.158,0.614,1.8679999999999997,1.8200000000000003
178,COG,Congo,Enquête Nationale auprès des Ménages (ENAM/ECOM) - ENAM05,,0.0,0.0,0.0,0.0,0.0,0.001,0.0,0.459,0.412,0.003,0.0,0.0,0.0,0.0,0.014,0.007,0.0,0.0,0.0,0.0,0.0,0.0,0.002,0.0,0.453,0.369,0.007,0.0,0.0,0.0,0.0,0.163,0.004,0.0,0.896,0.9980000000000001
178,COG,Congo,AIDS indicators survey - AIS09,,0.0,0.0,0.0,0.0,0.0,0.0,0.201,0.161,0.547,0.0,0.0,0.0,0.0,0.0,0.0,0.03,0.003,0.037,0.0,0.0,0.0,0.0,0.0,0.0,0.037,0.51,0.0,0.0,0.0,0.0,0.0,0.0,0.179,0.004,0.041,0.01,0.215,0.047,0.725,0.04,0.112,0.659,1.79,1.768
178,COG,Congo,DHS 2011-2012 - DHS12,2012,0.025,0.1,0.026,0.0,0.0,0.02,0.014,0.336,0.0,0.0,0.0,0.0,0.0,0.0,0.0,0.013,0.0,0.0,0.003,0.004,0.001,0.0,0.0,0.001,0.074,0.0,0.0,0.0,0.0,0.0,0.0,0.0,0.205,0.0,0.0,0.001,0.048,0.002,0.122,0.0,0.641,0.009,0.011,0.006,1.441,1.122,0.086,0.422,0.0,0.37,0.005,0.018
178,COG,Congo,Multiple Indicator Cluster Survey - MICS15,,0.0,0.237,0.028,0.001,0.002,0.041,0.428,0.0,0.209,0.003,0.005,0.0,0.026,0.0,0.017,0.001,0.0,0.0,0.005,0.001,0.0,0.0,0.007,0.139,0.0,0.588,0.018,0.001,0.0,0.002,0.0,0.234,0.004,0.0,0.998,0.999
