ISO1366,ISOalpha3,Country name,source,year,u1,u2,u3,u4,u5,u6,u7,u8,u9,u10,u11,u12,u13,u14,u15,u16,u17,r1,r2,r3,r4,r5,r6,r7,r8,r9,r10,r11,r12,r13,r14,r15,r16,r17,urban total,rural total
768,TGO,Togo,Multiple Indicator Cluster Survey - MICS00,,0.0,0.0,0.0,0.0,0.0,0.0,0.5,0.04,0.0,0.0,0.0,0.0,0.0,0.0,0.248,0.007,0.003,0.0,0.0,0.0,0.0,0.0,0.0,0.106,0.107,0.0,0.0,0.0,0.0,0.0,0.0,0.776,0.006,0.0,0.798,0.995
768,TGO,Togo,Multiple Indicator Cluster Survey - MICS06,2006,0.004,0.231,0.117,0.0,0.003,0.133,0.178,0.0,0.125,0.003,0.001,0.0,0.003,0.0,0.198,0.004,0.001,0.0,0.005,0.009,0.0,0.0,0.026,0.057,0.0,0.109,0.013,0.0,0.0,0.003,0.0,0.769,0.009,0.0,1.001,1.0
768,TGO,Togo,Questionnaire des Indicateurs de Base du Bien-être - QUIBB06,2006,0.034,0.183,0.0,0.0,0.0,0.011,0.428,0.0,0.117,0.0,0.0,0.0,0.0,0.0,0.194,0.03,0.0,0.001,0.008,0.0,0.0,0.0,0.001,0.095,0.0,0.109,0.0,0.0,0.0,0.0,0.0,0.646,0.14,0.0,0.9970000000000001,1.0
768,TGO,Togo,Multiple Indicators Clusters Survey - MICS10,2010,0.004,0.286,0.12,0.001,0.003,0.007,0.309,0.0,0.062,0.008,0.002,0.0,0.003,0.0,0.186,0.008,0.001,0.0,0.009,0.006,0.0,0.0,0.001,0.101,0.0,0.095,0.003,0.0,0.0,0.001,0.0,0.78,0.001,0.002,1.0,0.999
768,TGO,Togo,"Recensement Général de la Population et de l'Habitat, 2010 - CEN10",,0.0,0.0,0.0,0.0,0.0,0.0,0.0,0.0,0.0,0.0,0.0,0.0,0.0,0.0,0.16,0.005,0.009,0.0,0.0,0.0,0.0,0.0,0.0,0.0,0.0,0.0,0.0,0.0,0.0,0.0,0.0,0.758,0.004,0.005,0.17400000000000002,0.767
768,TGO,Togo,"Questionnaire des Indicateurs de Base du Bien-etre, 2011 - QUIBB11",,0.0,0.0,0.0,0.0,0.0,0.0,0.0,0.0,0.017,0.0,0.0,0.0,0.0,0.0,0.148,0.008,0.0,0.0,0.0,0.0,0.0,0.0,0.0,0.0,0.0,0.074,0.0,0.0,0.0,0.0,0.0,0.717,0.001,0.0,0.173,0.7919999999999999
768,TGO,Togo,Demographic and Health Survey 2013-2014 - DHS14,2014,0.001,0.366,0.07,0.002,0.001,0.006,0.34,0.0,0.033,0.0,0.0,0.0,0.0,0.0,0.177,0.004,0.0,0.0,0.021,0.003,0.0,0.0,0.003,0.096,0.0,0.1,0.0,0.0,0.0,0.002,0.0,0.767,0.007,0.0,1.0,0.999
768,TGO,Togo,Questionnaire Unifié des Indicateurs de Base du Bien-Être - QUIBB15,,0.0,0.0,0.0,0.0,0.0,0.0,0.0,0.01,0.0,0.0,0.0,0.0,0.0,0.0,0.13,0.0,0.0,0.0,0.0,0.0,0.0,0.0,0.0,0.0,0.052,0.0,0.0,0.0,0.0,0.0,0.0,0.7,0.0,0.0,0.14,0.752
768,TGO,Togo,Malaria Indicator Survey - MIS17,2017,0.012,0.408,0.046,0.001,0.005,0.024,0.312,0.0,0.057,0.0,0.0,0.0,0.0,0.0,0.131,0.003,0.0,0.0,0.041,0.005,0.0,0.0,0.008,0.139,0.0,0.087,0.003,0.0,0.0,0.011,0.0,0.706,0.0,0.0,0.9990000000000001,1.0
