ISO1366,ISOalpha3,Country name,source,year,u1,u2,u3,u4,u5,u6,u7,u8,u9,u10,u11,u12,u13,u14,u15,u16,u17,r1,r2,r3,r4,r5,r6,r7,r8,r9,r10,r11,r12,r13,r14,r15,r16,r17,urban total,rural total
430,LBR,Liberia,Demographic and Health Survey - DHS00,,0.0,0.0,0.0,0.0,0.0,0.0,0.0,0.0,0.0,0.0,0.0,0.0,0.0,0.0,0.244,0.043,0.0,0.0,0.0,0.0,0.0,0.0,0.0,0.0,0.0,0.0,0.0,0.0,0.0,0.0,0.0,0.812,0.011,0.0,0.287,0.8230000000000001
430,LBR,Liberia,Demographic and Health Survey - DHS07,2007,0.075,0.206,0.022,0.001,0.011,0.074,0.086,0.0,0.129,0.078,0.007,0.0,0.007,0.0,0.283,0.021,0.0,0.006,0.016,0.002,0.003,0.001,0.059,0.084,0.0,0.088,0.03,0.001,0.0,0.001,0.0,0.706,0.003,0.0,0.9999999999999999,1.0
430,LBR,Liberia,Core Welfare Indicator Questionnaire - CWIQ07,2007,0.082,0.239,0.0,0.0,0.0,0.106,0.178,0.0,0.039,0.082,0.008,0.0,0.0,0.0,0.251,0.015,0.0,0.02,0.012,0.0,0.0,0.0,0.119,0.165,0.0,0.071,0.018,0.002,0.0,0.0,0.0,0.57,0.021,0.0,1.0,0.998
430,LBR,Liberia,Liberia National Population and Housing Census 2008 - CEN08,,0.0,0.0,0.0,0.25,0.0,0.0,0.282,0.0,0.128,0.0,0.0,0.0,0.0,0.0,0.295,0.046,0.0,0.0,0.0,0.0,0.027,0.0,0.0,0.143,0.0,0.042,0.0,0.0,0.0,0.0,0.0,0.779,0.01,0.0,1.0010000000000001,1.001
430,LBR,Liberia,Liberia Malaria Indicator Survey - MIS09,2009,0.048,0.151,0.037,0.0,0.012,0.09,0.299,0.0,0.096,0.04,0.006,0.0,0.011,0.0,0.196,0.012,0.001,0.0,0.008,0.0,0.0,0.0,0.083,0.203,0.0,0.056,0.01,0.0,0.0,0.008,0.0,0.631,0.0,0.0,0.999,0.9990000000000001
430,LBR,Liberia,Measure DHS - MIS11,2011,0.011,0.294,0.071,0.031,0.001,0.046,0.083,0.0,0.151,0.101,0.002,0.0,0.004,0.0,0.198,0.006,0.0,0.001,0.012,0.018,0.002,0.0,0.048,0.073,0.0,0.207,0.024,0.0,0.0,0.001,0.0,0.613,0.002,0.0,0.9990000000000001,1.001
430,LBR,Liberia,Liberia Demographic and Health Survey (LDHS) - DHS13,2013,0.017,0.253,0.024,0.009,0.0,0.218,0.069,0.0,0.066,0.084,0.004,0.0,0.0,0.0,0.248,0.006,0.0,0.0,0.02,0.003,0.001,0.0,0.149,0.043,0.0,0.058,0.017,0.0,0.0,0.0,0.0,0.709,0.0,0.0,0.9980000000000001,1.0
430,LBR,Liberia,Household Income and Expenditure Survey - HIES15,,0.0,0.0,0.0,0.0,0.0,0.073,0.186,0.0,0.162,0.0,0.0,0.0,0.0,0.0,0.184,0.025,0.0,0.0,0.0,0.0,0.0,0.0,0.026,0.169,0.0,0.109,0.0,0.0,0.0,0.0,0.0,0.657,0.006,0.0,0.63,0.9670000000000001
430,LBR,Liberia,Malaria Indicator Survey - MIS16,2016,0.02,0.444,0.09,0.002,0.001,0.038,0.081,0.0,0.089,0.046,0.006,0.0,0.002,0.0,0.179,0.003,0.0,0.0,0.029,0.046,0.0,0.001,0.069,0.053,0.0,0.137,0.061,0.0,0.0,0.004,0.0,0.598,0.001,0.0,1.001,0.999
