ISO1366,ISOalpha3,Country name,source,year,u1,u2,u3,u4,u5,u6,u7,u8,u9,u10,u11,u12,u13,u14,u15,u16,u17,r1,r2,r3,r4,r5,r6,r7,r8,r9,r10,r11,r12,r13,r14,r15,r16,r17,urban total,rural total
591,PAN,Panama,Population census - CEN00,2000,0.43,0.246,0.0,0.0,0.0,0.0,0.0,0.294,0.0,0.0,0.0,0.0,0.0,0.0,0.012,0.0,0.018,0.006,0.147,0.0,0.0,0.0,0.0,0.0,0.643,0.0,0.0,0.0,0.0,0.0,0.0,0.196,0.0,0.009,1.0,1.001
591,PAN,Panama,Living Standards Measurement Survey - LSMS03,2003,0.468,0.295,0.0,0.0,0.0,0.0,0.0,0.214,0.059,0.0,0.0,0.0,0.0,0.0,0.0,0.025,0.0,0.0,0.042,0.203,0.0,0.0,0.0,0.0,0.0,0.07,0.0,0.0,0.0,0.0,0.0,0.0,0.136,0.0,0.0,0.55,0.62,0.154,1.2149999999999999,1.621
591,PAN,Panama,Living Standards Measurement Study (LSMS) - LSMS08,2008,0.501,0.295,0.0,0.0,0.0,0.0,0.0,0.188,0.0,0.0,0.0,0.0,0.0,0.0,0.016,0.0,0.0,0.008,0.265,0.0,0.0,0.0,0.0,0.0,0.601,0.0,0.0,0.0,0.0,0.0,0.0,0.126,0.0,0.0,1.0,1.0
591,PAN,Panama,Encuesta Nacional de Salud Sexual y Reproductiva (ENASSER2009) - ENASSER09,2009,0.511,0.288,0.0,0.0,0.0,0.0,0.0,0.193,0.026,0.0,0.0,0.0,0.0,0.0,0.0,0.008,0.0,0.0,0.11,0.188,0.0,0.0,0.0,0.0,0.0,0.062,0.0,0.0,0.0,0.0,0.0,0.0,0.035,0.002,0.0,0.602,0.664,0.167,1.193,1.663
591,PAN,Panama,Census - CEN10,2010,0.444,0.327,0.0,0.0,0.0,0.0,0.0,0.199,0.0,0.0,0.0,0.0,0.0,0.0,0.01,0.0,0.019,0.017,0.218,0.0,0.0,0.0,0.0,0.0,0.573,0.0,0.0,0.0,0.0,0.0,0.0,0.178,0.0,0.013,0.999,0.999
591,PAN,Panama,Multiple Indicator Cluster Surveys - MICS13,2013,0.454,0.371,0.031,0.0,0.003,0.038,0.0,0.097,0.0,0.001,0.0,0.0,0.0,0.0,0.002,0.002,0.0,0.013,0.313,0.016,0.0,0.012,0.136,0.0,0.346,0.012,0.021,0.0,0.0,0.001,0.0,0.125,0.004,0.0,0.999,0.9990000000000001
591,PAN,Panama,"Encuesta Nacional de Salud Sexual y Reproductiva, 2014-2015 - ENASSER15",2015,0.574,0.348,0.032,0.001,0.0,0.0,0.0,0.041,0.0,0.0,0.0,0.0,0.0,0.001,0.003,0.0,0.0,0.031,0.402,0.101,0.006,0.001,0.0,0.0,0.428,0.0,0.0,0.0,0.0,0.003,0.002,0.025,0.001,0.0,1.0,1.0
