ISO1366,ISOalpha3,Country name,source,year,u1,u2,u3,u4,u5,u6,u7,u8,u9,u10,u11,u12,u13,u14,u15,u16,u17,r1,r2,r3,r4,r5,r6,r7,r8,r9,r10,r11,r12,r13,r14,r15,r16,r17,urban total,rural total
740,SUR,Suriname,Multiple Indicator Cluster Survey - MICS00,,0.0,0.0,0.0,0.0,0.0,0.0,0.001,0.0,0.0,0.0,0.0,0.0,0.0,0.0,0.0,0.005,0.004,0.0,0.0,0.0,0.0,0.0,0.0,0.006,0.008,0.01,0.0,0.0,0.0,0.0,0.0,0.223,0.004,0.002,0.01,0.253
740,SUR,Suriname,Multiple Indicator Cluster Survey - MICS06,2006,0.006,0.853,0.023,0.0,0.0,0.036,0.061,0.0,0.014,0.0,0.0,0.0,0.0,0.0,0.002,0.002,0.002,0.006,0.428,0.048,0.0,0.001,0.049,0.174,0.0,0.066,0.003,0.0,0.0,0.003,0.0,0.208,0.012,0.001,0.9990000000000001,0.999
740,SUR,Suriname,Multiple Indicator Cluster Survey - MICS10,2010,0.017,0.894,0.006,0.001,0.0,0.004,0.056,0.0,0.017,0.0,0.0,0.0,0.0,0.0,0.002,0.002,0.0,0.009,0.455,0.032,0.0,0.001,0.007,0.24,0.0,0.05,0.001,0.001,0.0,0.001,0.0,0.185,0.016,0.002,0.9990000000000001,1.0
740,SUR,Suriname,"Survey of Living Conditions, 2016-2017 - SLC17",,0.0,0.958,0.0,0.033,0.0,0.0,0.0,0.0,0.001,0.0,0.0,0.0,0.0,0.0,0.003,0.004,0.0,0.0,0.796,0.0,0.141,0.0,0.0,0.0,0.0,0.014,0.0,0.0,0.0,0.0,0.0,0.047,0.001,0.0,0.999,0.9990000000000001
