ISO1366,ISOalpha3,Country name,source,year,u1,u2,u3,u4,u5,u6,u7,u8,u9,u10,u11,u12,u13,u14,u15,u16,u17,r1,r2,r3,r4,r5,r6,r7,r8,r9,r10,r11,r12,r13,r14,r15,r16,r17,urban total,rural total
624,GNB,Guinea-Bissau,Multiple Indicator Cluster Survey - MICS00,,0.0,0.0,0.0,0.0,0.0,0.0,0.036,0.725,0.002,0.0,0.0,0.0,0.0,0.0,0.047,0.001,0.0,0.0,0.0,0.0,0.0,0.0,0.0,0.002,0.435,0.001,0.0,0.0,0.0,0.0,0.0,0.554,0.002,0.0,0.811,0.994
624,GNB,Guinea-Bissau,Questionnaire Unifié sur les Indicateurs de Base de Bien-Etre - QUIBB02,2002,0.036,0.128,0.0,0.0,0.0,0.0,0.323,0.0,0.49,0.0,0.0,0.0,0.0,0.0,0.022,0.001,0.0,0.005,0.007,0.0,0.0,0.0,0.0,0.063,0.0,0.427,0.0,0.0,0.0,0.0,0.0,0.48,0.019,0.0,1.0,1.001
624,GNB,Guinea-Bissau,Multiple Indicator Cluster Survey - MICS06,2006,0.13,0.068,0.09,0.0,0.0,0.001,0.0,0.68,0.0,0.0,0.0,0.0,0.0,0.0,0.025,0.004,0.003,0.004,0.003,0.011,0.0,0.0,0.001,0.0,0.501,0.0,0.0,0.0,0.0,0.0,0.0,0.468,0.005,0.005,1.0010000000000001,0.998
624,GNB,Guinea-Bissau,"Recenseamento Geral da População e Habitação, 2009 - CEN09",2009,0.009,0.245,0.0,0.0,0.0,0.0,0.0,0.674,0.0,0.0,0.0,0.0,0.0,0.0,0.037,0.011,0.024,0.002,0.016,0.0,0.0,0.0,0.0,0.0,0.487,0.0,0.0,0.0,0.0,0.0,0.0,0.449,0.015,0.031,1.0,1.0
624,GNB,Guinea-Bissau,Mulitiple Indicator Cluster Survey - MICS10,,0.0,0.0,0.0,0.0,0.0,0.0,0.0,0.623,0.0,0.0,0.0,0.0,0.0,0.0,0.0,0.023,0.004,0.0,0.0,0.0,0.0,0.0,0.0,0.0,0.0,0.596,0.0,0.0,0.0,0.0,0.0,0.0,0.349,0.006,0.0,0.0,0.65,0.951
624,GNB,Guinea-Bissau,Mulitiple Indicator Cluster Survey - MICS14,2014,0.016,0.28,0.0,0.0,0.014,0.0,0.196,0.472,0.0,0.0,0.0,0.0,0.0,0.0,0.017,0.003,0.0,0.007,0.013,0.0,0.0,0.001,0.0,0.025,0.647,0.0,0.0,0.0,0.0,0.0,0.0,0.302,0.004,0.0,0.998,0.9990000000000001
