ISO1366,ISOalpha3,Country name,source,year,u1,u2,u3,u4,u5,u6,u7,u8,u9,u10,u11,u12,u13,u14,u15,u16,u17,r1,r2,r3,r4,r5,r6,r7,r8,r9,r10,r11,r12,r13,r14,r15,r16,r17,urban total,rural total
882,WSM,Samoa,Census - CEN06,,0.0,0.0,0.0,0.0,0.0,0.0,0.0,0.025,0.002,0.0,0.0,0.0,0.0,0.0,0.0,0.0,0.0,0.003,0.0,0.0,0.0,0.0,0.0,0.0,0.0,0.005,0.0,0.0,0.0,0.0,0.0,0.0,0.0,0.0,0.004,0.076,0.081,0.023,0.053000000000000005,0.166
882,WSM,Samoa,Household Income and Expenditure Survey - HIES08,,0.0,0.0,0.0,0.0,0.0,0.0,0.0,0.015,0.003,0.0,0.0,0.0,0.0,0.0,0.0,0.0,0.0,0.0,0.0,0.0,0.0,0.0,0.0,0.0,0.0,0.002,0.0,0.0,0.0,0.0,0.0,0.0,0.0,0.0,0.0,0.03,0.032,0.013,0.030999999999999996,0.064
882,WSM,Samoa,Demographic and Health Survey - DHS09,,0.0,0.895,0.033,0.0,0.0,0.009,0.006,0.0,0.004,0.0,0.0,0.0,0.0,0.038,0.0,0.0,0.016,0.0,0.843,0.064,0.0,0.004,0.016,0.016,0.0,0.011,0.0,0.0,0.0,0.0,0.034,0.001,0.0,0.011,1.0010000000000001,1.0
882,WSM,Samoa,Census - CEN11,2011,0.005,0.923,0.0,0.022,0.0,0.0,0.005,0.005,0.0,0.003,0.0,0.0,0.003,0.0,0.031,0.0,0.004,0.004,0.002,0.808,0.0,0.052,0.0,0.0,0.016,0.0,0.01,0.0,0.0,0.001,0.0,0.081,0.0,0.024,0.006,0.016,0.0,0.0,0.0,0.0,0.001,0.0,0.0,0.0,1.008,1.0170000000000001,0.0,0.003
882,WSM,Samoa,Househld Income Expenditure Survey - HIES14,,0.0,0.0,0.0,0.921,0.0,0.0,0.0,0.0,0.016,0.0,0.0,0.0,0.0,0.066,0.0,0.0,0.0,0.0,0.0,0.0,0.809,0.0,0.0,0.0,0.0,0.028,0.0,0.0,0.0,0.0,0.162,0.001,0.001,0.0,1.0030000000000001,1.001
882,WSM,Samoa,Samoa Demographic Health Survey - DHS14,,0.0,0.903,0.026,0.0,0.0,0.0,0.003,0.001,0.0,0.005,0.0,0.0,0.0,0.0,0.0,0.002,0.056,0.003,0.0,0.863,0.08,0.0,0.001,0.009,0.008,0.0,0.004,0.0,0.0,0.0,0.0,0.0,0.001,0.025,0.009,0.0,0.0,0.0,0.004,0.0,0.0,0.005,1.004,1.004
882,WSM,Samoa,Census - CEN16,,0.0,0.956,0.0,0.034,0.0,0.005,0.0,0.0,0.005,0.0,0.0,0.0,0.0,0.0,0.0,0.0,0.0,0.0,0.855,0.0,0.109,0.0,0.023,0.0,0.0,0.012,0.0,0.0,0.0,0.0,0.0,0.001,0.0,0.0,1.0,1.0
