ISO1366,ISOalpha3,Country name,source,year,u1,u2,u3,u4,u5,u6,u7,u8,u9,u10,u11,u12,u13,u14,u15,u16,u17,r1,r2,r3,r4,r5,r6,r7,r8,r9,r10,r11,r12,r13,r14,r15,r16,r17,urban total,rural total
192,CUB,Cuba,Demographic and Health Survey - MICS00,,0.0,0.0,0.0,0.0,0.0,0.0,0.0,0.075,0.0,0.0,0.0,0.0,0.0,0.0,0.009,0.0,0.0,0.0,0.0,0.0,0.0,0.0,0.0,0.0,0.339,0.0,0.0,0.0,0.0,0.0,0.0,0.049,0.0,0.0,0.08399999999999999,0.388
192,CUB,Cuba,Multiple Indicator Cluster Survey - MICS06,2006,0.528,0.294,0.087,0.0,0.016,0.012,0.037,0.0,0.003,0.0,0.004,0.001,0.014,0.0,0.005,0.001,0.0,0.131,0.22,0.383,0.0,0.011,0.05,0.146,0.0,0.02,0.0,0.008,0.0,0.001,0.0,0.029,0.003,0.0,1.002,1.002
192,CUB,Cuba,Multiple Indicator Cluster Survey - MICS11,2011,0.567,0.248,0.102,0.001,0.019,0.011,0.034,0.0,0.008,0.0,0.0,0.0,0.0,0.0,0.005,0.004,0.0,0.152,0.244,0.338,0.003,0.029,0.035,0.13,0.0,0.047,0.001,0.0,0.0,0.0,0.0,0.023,0.0,0.0,0.999,1.002
192,CUB,Cuba,"Multiple Indicator Cluster Survey, 2014 - MICS14",2014,0.588,0.254,0.054,0.002,0.034,0.014,0.048,0.002,0.0,0.0,0.001,0.0,0.0,0.0,0.002,0.001,0.0,0.14,0.298,0.263,0.0,0.021,0.044,0.183,0.026,0.0,0.002,0.0,0.0,0.003,0.0,0.01,0.011,0.0,1.0,1.0010000000000001
192,CUB,Cuba,Instituto Nacional de Recurso Hidraulicos - INRH07,2007,0.476,0.0,0.505,0.0,0.0,0.0,0.0,0.0,0.0,0.0,0.0,0.0,0.0,0.0,0.0,0.0,0.0,0.048,0.0,0.85,0.0,0.0,0.0,0.0,0.0,0.0,0.0,0.0,0.0,0.0,0.0,0.0,0.0,0.0,0.981,0.898
192,CUB,Cuba,Instituto Nacional de Recurso Hidraulicos - INRH09,2009,0.462,0.0,0.515,0.0,0.0,0.0,0.0,0.0,0.0,0.0,0.0,0.0,0.0,0.0,0.0,0.0,0.0,0.043,0.0,0.858,0.0,0.0,0.0,0.0,0.0,0.0,0.0,0.0,0.0,0.0,0.0,0.0,0.0,0.0,0.9770000000000001,0.901
192,CUB,Cuba,Censo de Población y Viviendas - CEN12,2012,0.508,0.38,0.0,0.0,0.0,0.0,0.0,0.0,0.0,0.0,0.0,0.0,0.0,0.0,0.0,0.112,0.0,0.001,0.391,0.0,0.0,0.0,0.0,0.0,0.0,0.0,0.0,0.0,0.0,0.0,0.0,0.0,0.608,0.0,1.0,1.0
