ISO1366,ISOalpha3,Country name,source,year,u1,u2,u3,u4,u5,u6,u7,u8,u9,u10,u11,u12,u13,u14,u15,u16,u17,r1,r2,r3,r4,r5,r6,r7,r8,r9,r10,r11,r12,r13,r14,r15,r16,r17,urban total,rural total
368,IRQ,Iraq,Multiple Indicator Cluster Survey - MICS00,,0.0,0.0,0.0,0.0,0.0,0.0,0.009,0.042,0.006,0.0,0.0,0.0,0.0,0.0,0.002,0.002,0.0,0.0,0.0,0.0,0.0,0.0,0.0,0.091,0.282,0.047,0.0,0.0,0.0,0.0,0.0,0.17,0.005,0.0,0.061000000000000006,0.595
368,IRQ,Iraq,Multiple Indicator Cluster Survey - MICS06,2006,0.346,0.471,0.138,0.001,0.013,0.013,0.014,0.0,0.002,0.0,0.0,0.0,0.001,0.0,0.0,0.002,0.0,0.019,0.351,0.361,0.001,0.051,0.028,0.057,0.0,0.06,0.0,0.0,0.0,0.002,0.0,0.069,0.001,0.0,1.001,1.0
368,IRQ,Iraq,HOUSEHOLD SOCIO - ECONOMIC SURVEY - IHSES07,2007,0.368,0.482,0.0,0.0,0.0,0.0,0.046,0.0,0.103,0.0,0.0,0.0,0.0,0.0,0.0,0.002,0.0,0.024,0.546,0.0,0.0,0.0,0.0,0.133,0.0,0.267,0.0,0.0,0.0,0.0,0.0,0.0,0.03,0.0,1.001,1.0
368,IRQ,Iraq,Multiple Indicator Cluster Survey - MICS11,2011,0.388,0.372,0.128,0.0,0.004,0.102,0.002,0.0,0.002,0.0,0.0,0.0,0.0,0.0,0.001,0.0,0.002,0.033,0.437,0.302,0.001,0.02,0.134,0.008,0.0,0.033,0.0,0.0,0.0,0.001,0.0,0.026,0.0,0.006,1.001,1.0010000000000001
368,IRQ,Iraq,Household Socio-economic and Expenditure Survey - IHSES13,2013,0.212,0.0,0.0,0.0,0.0,0.0,0.0,0.784,0.043,0.0,0.0,0.0,0.0,0.0,0.0,0.001,0.001,0.002,0.114,0.0,0.0,0.0,0.0,0.0,0.0,0.03,0.0,0.0,0.0,0.0,0.0,0.0,0.028,0.014,0.042,0.772,0.802,0.741,1.7839999999999998,1.8020000000000003
368,IRQ,Iraq,Multiple Indicators Cluster Survey - MICS18,2018,0.389,0.562,0.0,0.002,0.0,0.0,0.021,0.0,0.002,0.0,0.0,0.0,0.0,0.0,0.0,0.025,0.0,0.028,0.702,0.0,0.008,0.0,0.0,0.154,0.0,0.03,0.0,0.0,0.0,0.0,0.0,0.003,0.074,0.0,1.0010000000000001,0.999
