ISO1366,ISOalpha3,Country name,source,year,u1,u2,u3,u4,u5,u6,u7,u8,u9,u10,u11,u12,u13,u14,u15,u16,u17,r1,r2,r3,r4,r5,r6,r7,r8,r9,r10,r11,r12,r13,r14,r15,r16,r17,urban total,rural total
804,UKR,Ukraine,Multiple Indicator Cluster Survey - MICS00,,0.0,0.0,0.0,0.0,0.0,0.0,0.197,0.005,0.0,0.0,0.0,0.0,0.0,0.0,0.0,0.0,0.0,0.0,0.0,0.0,0.0,0.0,0.0,0.749,0.021,0.0,0.0,0.022,0.0,0.0,0.0,0.002,0.0,0.0,0.202,0.794
804,UKR,Ukraine,World Health Survey - WHS03,2003,0.752,0.048,0.0,0.0,0.0,0.0,0.177,0.011,0.0,0.0,0.0,0.0,0.0,0.0,0.0,0.013,0.002,0.0,0.209,0.035,0.0,0.0,0.0,0.0,0.01,0.0,0.0,0.0,0.0,0.0,0.0,0.0,0.087,0.005,0.0,0.634,0.0,0.0,0.0,0.011,0.644,0.0,0.0,0.0,1.1739999999999997,1.6459999999999997,0.011,0.165,0.0,0.0,0.0,0.003,0.0,0.0,0.0,0.003
804,UKR,Ukraine,Multiple Indicator Cluster Survey - MICS05,2005,0.96,0.005,0.002,0.0,0.0,0.002,0.019,0.0,0.002,0.0,0.01,0.0,0.0,0.0,0.0,0.0,0.0,0.081,0.023,0.044,0.0,0.0,0.056,0.692,0.0,0.052,0.0,0.038,0.0,0.013,0.0,0.0,0.0,0.0,1.0,0.999
804,UKR,Ukraine,Demographic and Health Survey - DHS07,2007,0.699,0.018,0.071,0.0,0.0,0.0,0.202,0.0,0.006,0.0,0.001,0.0,0.003,0.0,0.0,0.0,0.0,0.059,0.022,0.07,0.001,0.0,0.0,0.806,0.0,0.02,0.0,0.009,0.0,0.012,0.0,0.001,0.0,0.0,1.0,1.0
804,UKR,Ukraine,Multiple Indicator Cluster Survey - MICS12,2012,0.749,0.007,0.108,0.0,0.0,0.032,0.099,0.099,0.0,0.001,0.0,0.0,0.0,0.002,0.0,0.0,0.0,0.0,0.078,0.032,0.146,0.0,0.0,0.127,0.579,0.0,0.011,0.0,0.017,0.0,0.009,0.0,0.0,0.0,0.001,0.579,0.0,0.011,0.0,0.017,0.0,0.001,0.0,0.0,1.0979999999999999,1.6069999999999995
