ISO1366,ISOalpha3,Country name,source,year,u1,u2,u3,u4,u5,u6,u7,u8,u9,u10,u11,u12,u13,u14,u15,u16,u17,r1,r2,r3,r4,r5,r6,r7,r8,r9,r10,r11,r12,r13,r14,r15,r16,r17,urban total,rural total
776,TON,Tonga,Census - CEN06,,0.0,0.0,0.0,0.0,0.0,0.0,0.0,0.014,0.0,0.0,0.0,0.0,0.0,0.077,0.001,0.001,0.0,0.0,0.0,0.0,0.0,0.0,0.0,0.0,0.23,0.0,0.0,0.0,0.0,0.0,0.125,0.003,0.0,0.0,0.093,0.358
776,TON,Tonga,Census - CEN11,,0.0,0.0,0.0,0.0,0.0,0.0,0.0,0.014,0.0,0.0,0.0,0.0,0.0,0.062,0.0,0.001,0.0,0.0,0.0,0.0,0.0,0.0,0.0,0.0,0.175,0.0,0.0,0.0,0.0,0.0,0.116,0.0,0.003,0.0,0.077,0.294
776,TON,Tonga,"Demographic and Health Survey, ICF Macro - DHS12",,0.0,0.908,0.04,0.0,0.0,0.004,0.004,0.009,0.0,0.001,0.0,0.017,0.0,0.001,0.0,0.0,0.017,0.002,0.0,0.776,0.079,0.0,0.002,0.048,0.01,0.0,0.049,0.0,0.011,0.0,0.003,0.0,0.0,0.021,0.002,0.048,0.01,0.0,0.049,0.0,0.011,0.009,0.0,0.001,1.0299999999999998,1.1189999999999998,0.0,0.017
