ISO1366,ISOalpha3,Country name,source,year,u1,u2,u3,u4,u5,u6,u7,u8,u9,u10,u11,u12,u13,u14,u15,u16,u17,r1,r2,r3,r4,r5,r6,r7,r8,r9,r10,r11,r12,r13,r14,r15,r16,r17,urban total,rural total
328,GUY,Guyana,Multiple Indicator Cluster Survey - MICS00,,0.0,0.0,0.0,0.0,0.0,0.0,0.006,0.268,0.004,0.0,0.0,0.0,0.0,0.0,0.005,0.0,0.0,0.0,0.0,0.0,0.0,0.0,0.0,0.017,0.744,0.013,0.0,0.0,0.0,0.0,0.0,0.012,0.004,0.0,0.28300000000000003,0.79
328,GUY,Guyana,Population and Housing Census - 2002 - CEN02,2002,0.13,0.564,0.0,0.0,0.0,0.0,0.0,0.295,0.0,0.0,0.0,0.0,0.0,0.0,0.01,0.001,0.0,0.042,0.362,0.0,0.0,0.0,0.0,0.0,0.576,0.0,0.0,0.0,0.0,0.0,0.0,0.018,0.001,0.0,0.9999999999999999,0.999
328,GUY,Guyana,Aid Indicator Survey - AIS05,2005,0.091,0.604,0.006,0.001,0.003,0.069,0.171,0.0,0.033,0.011,0.0,0.0,0.003,0.0,0.006,0.001,0.0,0.011,0.359,0.006,0.0,0.0,0.139,0.358,0.0,0.086,0.019,0.0,0.0,0.012,0.0,0.007,0.003,0.0,0.9990000000000001,1.0
328,GUY,Guyana,Multiple Indicator Cluster Survey - MICS06,2006,0.088,0.591,0.0,0.0,0.0,0.008,0.0,0.284,0.0,0.003,0.0,0.0,0.0,0.0,0.001,0.0,0.001,0.001,0.33,0.0,0.0,0.0,0.005,0.0,0.618,0.0,0.006,0.0,0.0,0.0,0.0,0.02,0.004,0.003,0.9759999999999999,0.987
328,GUY,Guyana,Demographic and Health Survey - DHS09,2009,0.116,0.707,0.003,0.0,0.002,0.041,0.094,0.0,0.033,0.0,0.0,0.0,0.0,0.0,0.001,0.0,0.003,0.013,0.396,0.006,0.0,0.003,0.12,0.373,0.0,0.064,0.01,0.0,0.0,0.0,0.0,0.013,0.0,0.0,1.0,0.9980000000000001
328,GUY,Guyana,"Multiple Indicator Cluster Survey, 2014 - MICS14",2014,0.074,0.768,0.013,0.0,0.001,0.009,0.114,0.017,0.0,0.0,0.0,0.0,0.0,0.0,0.001,0.001,0.002,0.002,0.62,0.019,0.0,0.0,0.046,0.257,0.043,0.0,0.002,0.0,0.0,0.0,0.0,0.007,0.001,0.003,1.0,1.0
