ISO1366,ISOalpha3,Country name,source,year,u1,u2,u3,u4,u5,u6,u7,u8,u9,u10,u11,u12,u13,u14,u15,u16,u17,r1,r2,r3,r4,r5,r6,r7,r8,r9,r10,r11,r12,r13,r14,r15,r16,r17,urban total,rural total
180,COD,"Congo, Democratic Republic of the",Multiple Indicator Cluster Survey - MICS01,2001,0.041,0.0,0.0,0.0,0.0,0.007,0.335,0.0,0.356,0.0,0.0,0.0,0.0,0.0,0.032,0.005,0.0,0.001,0.0,0.0,0.0,0.0,0.001,0.389,0.0,0.449,0.0,0.0,0.0,0.0,0.0,0.152,0.004,0.0,0.776,0.9960000000000001
180,COD,"Congo, Democratic Republic of the",Demographic and Health Survey  - DHS07,,0.0,0.0,0.0,0.0,0.0,0.057,0.331,0.0,0.427,0.0,0.0,0.0,0.0,0.0,0.033,0.001,0.0,0.0,0.0,0.0,0.0,0.0,0.003,0.296,0.0,0.551,0.0,0.0,0.0,0.0,0.0,0.148,0.001,0.0,0.849,0.9990000000000001
180,COD,"Congo, Democratic Republic of the","Multiple Indicator Cluster Survey, 2010 - MICS10",2010,0.009,0.116,0.0,0.0,0.004,0.007,0.0,0.214,0.604,0.0,0.0,0.0,0.006,0.0,0.031,0.003,0.0,0.003,0.003,0.0,0.0,0.001,0.0,0.0,0.021,0.765,0.0,0.0,0.0,0.011,0.0,0.195,0.002,0.0,0.994,1.0010000000000001
180,COD,"Congo, Democratic Republic of the",Enquête 1-2-3 - ENQ12,,0.0,0.0,0.0,0.0,0.0,0.0,0.298,0.084,0.0,0.0,0.0,0.0,0.0,0.0,0.0,0.032,0.032,0.0,0.0,0.0,0.0,0.0,0.0,0.0,0.017,0.0,0.0,0.0,0.0,0.0,0.0,0.0,0.17,0.17,0.0,0.114,0.131,0.669,0.213,0.421,1.08,1.271
180,COD,"Congo, Democratic Republic of the",Enquête Démographique et de Santé en République Démocratique du Congo (EDS-RDC II) 2013-2014 - DHS14,2014,0.008,0.126,0.021,0.001,0.001,0.007,0.401,0.0,0.393,0.0,0.0,0.003,0.0,0.0,0.0,0.039,0.001,0.0,0.0,0.002,0.0,0.0,0.0,0.002,0.329,0.0,0.49,0.0,0.0,0.0,0.0,0.0,0.177,0.0,0.0,0.0,0.0,0.003,1.004,1.0
180,COD,"Congo, Democratic Republic of the","Enquête 1-2-3 sur l'emploi, le secteur informel et les conditions de vie des ménages 2004-2005 - ENQ05",,0.0,0.0,0.0,0.0,0.0,0.0,0.0,0.028,0.148,0.0,0.0,0.0,0.0,0.0,0.0,0.02,0.613,0.0,0.0,0.0,0.0,0.0,0.0,0.0,0.0,0.089,0.0,0.0,0.0,0.0,0.0,0.0,0.149,0.744,0.0,0.011,0.8089999999999999,0.993
