ISO1366,ISOalpha3,Country name,source,year,u1,u2,u3,u4,u5,u6,u7,u8,u9,u10,u11,u12,u13,u14,u15,u16,u17,r1,r2,r3,r4,r5,r6,r7,r8,r9,r10,r11,r12,r13,r14,r15,r16,r17,urban total,rural total
516,NAM,Namibia,Demographic and Health Survey - DHS00,,0.0,0.0,0.0,0.0,0.0,0.0,0.0,0.049,0.0,0.0,0.011,0.0,0.0,0.0,0.114,0.025,0.004,0.0,0.0,0.0,0.0,0.0,0.0,0.0,0.076,0.0,0.0,0.012,0.0,0.0,0.0,0.785,0.001,0.005,0.20299999999999999,0.879
516,NAM,Namibia,Census - CEN01,,0.0,0.0,0.0,0.0,0.0,0.021,0.0,0.057,0.0,0.0,0.016,0.0,0.0,0.0,0.174,0.005,0.003,0.0,0.0,0.0,0.0,0.0,0.02,0.0,0.081,0.0,0.0,0.015,0.0,0.0,0.0,0.783,0.002,0.004,0.276,0.905
516,NAM,Namibia,World Health Survey - WHS03,2003,0.622,0.05,0.0,0.0,0.0,0.0,0.072,0.029,0.0,0.0,0.0,0.0,0.0,0.0,0.0,0.205,0.002,0.0,0.14,0.007,0.0,0.0,0.0,0.0,0.021,0.0,0.0,0.0,0.0,0.0,0.0,0.0,0.648,0.047,0.0,0.056,0.077,0.0,0.044,0.0,0.023,0.043,0.0,0.019,1.054,1.063,0.0,0.012
516,NAM,Namibia,Demographic and Health Survey - DHS07,2007,0.73,0.007,0.013,0.005,0.015,0.037,0.005,0.0,0.015,0.002,0.008,0.0,0.005,0.0,0.157,0.0,0.0,0.063,0.002,0.004,0.001,0.002,0.061,0.021,0.0,0.029,0.003,0.011,0.0,0.004,0.0,0.797,0.0,0.0,0.9990000000000001,0.998
516,NAM,Namibia,Namibia Household Income & Expenditure Survey (NHIES) 2009/2010 - HIES10,,0.0,0.0,0.0,0.0,0.0,0.0,0.0,0.068,0.0,0.0,0.005,0.0,0.0,0.0,0.135,0.009,0.0,0.0,0.0,0.0,0.0,0.0,0.0,0.0,0.115,0.0,0.0,0.007,0.0,0.0,0.0,0.767,0.011,0.0,0.21700000000000003,0.9
516,NAM,Namibia,Census - CEN11,2011,0.656,0.031,0.0,0.0,0.0,0.036,0.022,0.0,0.014,0.0,0.013,0.0,0.0,0.0,0.224,0.004,0.0,0.083,0.03,0.0,0.0,0.0,0.049,0.042,0.0,0.022,0.0,0.023,0.0,0.0,0.0,0.74,0.01,0.0,1.0,0.999
516,NAM,Namibia,"Demographic and Health Survey, ICF Macro - DHS13",2013,0.634,0.01,0.032,0.0,0.0,0.05,0.028,0.002,0.0,0.0,0.0,0.0,0.0,0.001,0.0,0.2,0.007,0.001,0.061,0.008,0.016,0.0,0.0,0.017,0.003,0.0,0.0,0.0,0.0,0.0,0.003,0.0,0.764,0.0,0.001,0.07,0.022,0.087,0.025,0.0,0.027,0.001,0.004,0.022,1.038,1.109,0.004,0.006,0.0,0.034,0.001,0.006
516,NAM,Namibia,Namibia Intercensal Survey - NIDS16,,0.0,0.0,0.0,0.0,0.0,0.037,0.03,0.0,0.028,0.0,0.011,0.0,0.0,0.0,0.26,0.001,0.0,0.0,0.0,0.0,0.0,0.0,0.078,0.053,0.0,0.027,0.0,0.008,0.0,0.0,0.0,0.7,0.0,0.0,0.367,0.866
516,NAM,Namibia,Household Income and Expenditure Survey - HIES16,2016,0.638,0.018,0.037,0.002,0.005,0.032,0.013,0.0,0.023,0.0,0.003,0.0,0.0,0.0,0.222,0.008,0.0,0.068,0.012,0.014,0.001,0.008,0.071,0.042,0.0,0.046,0.0,0.003,0.0,0.0,0.0,0.735,0.0,0.0,1.0010000000000001,1.0
