ISO1366,ISOalpha3,Country name,source,year,u1,u2,u3,u4,u5,u6,u7,u8,u9,u10,u11,u12,u13,u14,u15,u16,u17,r1,r2,r3,r4,r5,r6,r7,r8,r9,r10,r11,r12,r13,r14,r15,r16,r17,urban total,rural total
266,GAB,Gabon,Demographic and Health Survey - DHS00,,0.0,0.0,0.0,0.0,0.0,0.272,0.203,0.0,0.296,0.0,0.0,0.0,0.0,0.0,0.0,0.022,0.0,0.0,0.0,0.0,0.0,0.0,0.0,0.046,0.0,0.383,0.0,0.0,0.0,0.0,0.0,0.0,0.049,0.0,0.0,0.042,0.0,0.444,0.088,0.0,0.827,0.069,0.0,0.107,1.372,1.879,0.0,0.403
266,GAB,Gabon,Questionnaire Unifié sur les Indicateurs de Bien-être de Base - QUIBB05,,0.0,0.0,0.0,0.0,0.0,0.0,0.188,0.331,0.207,0.0,0.0,0.0,0.0,0.0,0.014,0.002,0.0,0.0,0.0,0.0,0.0,0.0,0.0,0.065,0.357,0.484,0.0,0.0,0.0,0.0,0.0,0.029,0.001,0.0,0.742,0.9359999999999999
266,GAB,Gabon,Enquête Gabonaise pour l'Evaluation et le Suivi de la Pauvreté (EGEP) - EGEP05,,0.0,0.0,0.0,0.0,0.0,0.0,0.184,0.327,0.194,0.0,0.0,0.0,0.0,0.0,0.01,0.009,0.0,0.0,0.0,0.0,0.0,0.0,0.0,0.067,0.316,0.506,0.0,0.0,0.0,0.0,0.0,0.018,0.004,0.0,0.7240000000000001,0.911
266,GAB,Gabon,Measure DHS - DHS12,2012,0.38,0.0,0.0,0.0,0.0,0.062,0.267,0.0,0.223,0.039,0.0,0.0,0.0,0.0,0.019,0.011,0.0,0.071,0.0,0.0,0.0,0.0,0.024,0.091,0.0,0.624,0.14,0.0,0.0,0.0,0.0,0.048,0.001,0.0,1.0010000000000001,0.9990000000000001
266,GAB,Gabon,Recensement General de la Population et des Logements - CEN13,,0.0,0.0,0.0,0.0,0.0,0.0,0.054,0.283,0.0,0.0,0.0,0.0,0.0,0.0,0.032,0.09,0.0,0.0,0.0,0.0,0.0,0.0,0.0,0.041,0.438,0.0,0.0,0.0,0.0,0.0,0.0,0.082,0.284,0.0,0.45899999999999996,0.845
