ISO1366,ISOalpha3,Country name,source,year,u1,u2,u3,u4,u5,u6,u7,u8,u9,u10,u11,u12,u13,u14,u15,u16,u17,r1,r2,r3,r4,r5,r6,r7,r8,r9,r10,r11,r12,r13,r14,r15,r16,r17,urban total,rural total
090,SLB,Solomon Islands,HOUSEHOLD INCOME AND EXPENDITURE SURVEY 2005-2006 - HIES06,,0.0,0.566,0.0,0.0,0.0,0.0,0.0,0.198,0.025,0.0,0.0,0.0,0.0,0.0,0.0,0.076,0.0,0.0,0.0,0.063,0.0,0.0,0.0,0.0,0.0,0.058,0.0,0.0,0.0,0.0,0.0,0.0,0.663,0.0,0.0,0.154,0.0,0.0,0.053,0.212,0.0,0.0,0.053,0.173,1.258,1.2560000000000002,0.0,0.0,0.11,0.0,0.0,0.11
090,SLB,Solomon Islands,Measure DHS - DHS07,,0.0,0.561,0.055,0.0,0.002,0.017,0.135,0.0,0.015,0.0,0.033,0.0,0.0,0.0,0.041,0.128,0.012,0.0,0.017,0.014,0.0,0.002,0.015,0.032,0.0,0.059,0.017,0.007,0.0,0.0,0.0,0.733,0.1,0.004,0.9990000000000002,1.0
090,SLB,Solomon Islands,Census - CEN09,,0.0,0.0,0.0,0.0,0.0,0.0,0.0,0.147,0.043,0.0,0.0,0.0,0.0,0.0,0.0,0.113,0.0,0.0,0.0,0.0,0.0,0.0,0.0,0.0,0.0,0.101,0.0,0.0,0.0,0.0,0.0,0.0,0.665,0.0,0.0,0.118,0.219,0.104,0.407,1.103
090,SLB,Solomon Islands,Houshold income expenditure survey - HIES13,,0.0,0.0,0.0,0.0,0.0,0.0,0.333,0.09,0.0,0.0,0.0,0.0,0.0,0.0,0.0,0.08,0.013,0.0,0.0,0.0,0.0,0.0,0.0,0.0,0.011,0.0,0.0,0.0,0.0,0.0,0.0,0.0,0.525,0.169,0.0,0.099,0.11,0.243,0.759,0.9140000000000001
090,SLB,Solomon Islands,Demographic and Health Survey - DHS15,2015,0.23,0.432,0.129,0.005,0.002,0.039,0.103,0.0,0.032,0.0,0.0,0.0,0.003,0.0,0.022,0.003,0.001,0.02,0.064,0.038,0.0,0.002,0.026,0.048,0.0,0.093,0.024,0.0,0.0,0.002,0.0,0.667,0.016,0.0,1.001,1.0
090,SLB,Solomon Islands,Solomon Islands Rural WASH - RWASH16,,0.0,0.0,0.0,0.0,0.0,0.0,0.0,0.0,0.0,0.0,0.0,0.0,0.0,0.0,0.0,0.0,0.0,0.0,0.029,0.068,0.0,0.001,0.005,0.031,0.0,0.051,0.001,0.001,0.0,0.0,0.0,0.803,0.0,0.0,0.0,0.99
