ISO1366,ISOalpha3,Country name,source,year,u1,u2,u3,u4,u5,u6,u7,u8,u9,u10,u11,u12,u13,u14,u15,u16,u17,r1,r2,r3,r4,r5,r6,r7,r8,r9,r10,r11,r12,r13,r14,r15,r16,r17,urban total,rural total
678,STP,Sao Tome and Principe,Multiple Indicator Cluster Survey - MICS00,,0.0,0.0,0.0,0.0,0.0,0.081,0.0,0.019,0.0,0.0,0.0,0.0,0.0,0.0,0.669,0.002,0.0,0.0,0.0,0.0,0.0,0.0,0.051,0.0,0.011,0.0,0.0,0.0,0.0,0.0,0.0,0.795,0.001,0.0,0.771,0.858
678,STP,Sao Tome and Principe,Inquérito sobre Condições de Vida das Familias - CVF00,,0.0,0.0,0.0,0.0,0.0,0.0,0.097,0.0,0.043,0.0,0.0,0.0,0.0,0.0,0.628,0.024,0.0,0.0,0.0,0.0,0.0,0.0,0.0,0.072,0.0,0.029,0.0,0.0,0.0,0.0,0.0,0.767,0.028,0.0,0.792,0.896
678,STP,Sao Tome and Principe,Multiple Indicator Cluster Survey - MICS06,2006,0.071,0.144,0.014,0.007,0.0,0.018,0.08,0.0,0.078,0.0,0.0,0.0,0.0,0.0,0.532,0.055,0.0,0.062,0.086,0.005,0.014,0.002,0.007,0.055,0.0,0.051,0.0,0.0,0.0,0.0,0.0,0.678,0.04,0.0,0.9990000000000001,1.0
678,STP,Sao Tome and Principe,Measure DHS - DHS09,2009,0.057,0.177,0.171,0.0,0.0,0.066,0.0,0.0,0.0,0.0,0.0,0.0,0.0,0.0,0.52,0.008,0.0,0.058,0.044,0.131,0.0,0.0,0.058,0.0,0.0,0.0,0.0,0.0,0.0,0.0,0.0,0.707,0.002,0.0,0.9990000000000001,1.0
678,STP,Sao Tome and Principe,"Inquerito de Orcamento Familiar, 2010 - IOF10",2010,0.089,0.134,0.0,0.0,0.0,0.0,0.223,0.0,0.042,0.0,0.0,0.0,0.0,0.0,0.512,0.0,0.0,0.045,0.046,0.0,0.0,0.0,0.0,0.198,0.0,0.02,0.0,0.0,0.0,0.0,0.0,0.692,0.0,0.0,1.0,1.001
678,STP,Sao Tome and Principe,"Recenseamento Geral da População e Habitação, 2012 - CEN12",,0.0,0.0,0.0,0.0,0.0,0.0,0.133,0.133,0.004,0.0,0.0,0.0,0.0,0.0,0.508,0.0,0.0,0.0,0.0,0.0,0.0,0.0,0.0,0.116,0.09,0.005,0.0,0.0,0.0,0.0,0.0,0.691,0.0,0.0,0.778,0.9019999999999999
678,STP,Sao Tome and Principe,"Multiple Indicator Cluster Survey, 2014 - MICS14",2014,0.214,0.044,0.039,0.0,0.0,0.0,0.273,0.0,0.0,0.0,0.003,0.0,0.0,0.0,0.419,0.002,0.006,0.096,0.028,0.019,0.0,0.0,0.0,0.233,0.0,0.0,0.0,0.002,0.0,0.0,0.0,0.613,0.005,0.005,1.0,1.001
