ISO1366,ISOalpha3,Country name,source,year,u1,u2,u3,u4,u5,u6,u7,u8,u9,u10,u11,u12,u13,u14,u15,u16,u17,r1,r2,r3,r4,r5,r6,r7,r8,r9,r10,r11,r12,r13,r14,r15,r16,r17,urban total,rural total
070,BIH,Bosnia and Herzegovina,Multiple Indicator Cluster Survey - MICS00,,0.0,0.0,0.0,0.0,0.0,0.0,0.005,0.003,0.009,0.0,0.0,0.0,0.0,0.0,0.0,0.0,0.0,0.0,0.0,0.0,0.0,0.0,0.0,0.072,0.045,0.096,0.0,0.0,0.0,0.0,0.0,0.001,0.001,0.0,0.017,0.215
070,BIH,Bosnia and Herzegovina,Living Standards Measurement Survey - LSMS01,2001,0.739,0.173,0.0,0.0,0.0,0.0,0.0,0.078,0.0,0.0,0.0,0.0,0.0,0.0,0.01,0.0,0.0,0.269,0.435,0.0,0.0,0.0,0.0,0.0,0.274,0.0,0.0,0.0,0.0,0.0,0.0,0.022,0.0,0.0,0.9999999999999999,1.0
070,BIH,Bosnia and Herzegovina,World Health Survey - WHS03,2003,0.86,0.116,0.0,0.0,0.0,0.0,0.0,0.0,0.0,0.0,0.0,0.0,0.0,0.0,0.0,0.0,0.0,0.0,0.49,0.299,0.0,0.0,0.0,0.0,0.006,0.0,0.0,0.0,0.0,0.0,0.0,0.0,0.001,0.0,0.0,0.039,0.044,0.0,0.012,0.0,0.005,0.0,0.0,0.0,0.978,0.896,0.0,0.002
070,BIH,Bosnia and Herzegovina,Multiple Indicator Cluster Survey - MICS06,2006,0.772,0.201,0.002,0.005,0.006,0.0,0.003,0.0,0.0,0.0,0.0,0.0,0.01,0.0,0.001,0.0,0.0,0.224,0.575,0.008,0.006,0.078,0.001,0.018,0.0,0.009,0.002,0.0,0.0,0.072,0.0,0.001,0.006,0.0,1.0,0.9999999999999999
070,BIH,Bosnia and Herzegovina,The BiH Household Budget Survey - HBS07,,0.0,0.0,0.0,0.0,0.0,0.0,0.0,0.0,0.0,0.0,0.0,0.0,0.0,0.0,0.0,0.0,0.0,0.0,0.0,0.0,0.0,0.0,0.0,0.0,0.0,0.0,0.0,0.0,0.0,0.0,0.0,0.0,0.0,0.0,0.0,0.0
070,BIH,Bosnia and Herzegovina,Multiple Indicator Cluster Survey (MICS) 2011-2012 - MICS12,2012,0.833,0.153,0.0,0.0,0.005,0.003,0.003,0.0,0.001,0.0,0.0,0.0,0.0,0.0,0.0,0.0,0.002,0.299,0.58,0.003,0.002,0.054,0.005,0.038,0.0,0.018,0.0,0.0,0.0,0.0,0.0,0.0,0.0,0.001,1.0,1.0
