ISO1366,ISOalpha3,Country name,source,year,u1,u2,u3,u4,u5,u6,u7,u8,u9,u10,u11,u12,u13,u14,u15,u16,u17,r1,r2,r3,r4,r5,r6,r7,r8,r9,r10,r11,r12,r13,r14,r15,r16,r17,urban total,rural total
148,TCD,Chad,Enquete de grappes a indicateurs multiples - MICS00,,0.0,0.0,0.0,0.0,0.0,0.013,0.013,0.0,0.666,0.1,0.0,0.0,0.0,0.0,0.0,0.173,0.0,0.002,0.0,0.0,0.0,0.0,0.0,0.0,0.0,0.094,0.021,0.0,0.0,0.0,0.0,0.0,0.884,0.0,0.001,0.0,0.0,0.094,0.021,0.0,0.666,0.1,1.7330000000000003,1.115
148,TCD,Chad,World Health Survey - WHS03,2003,0.028,0.007,0.0,0.0,0.0,0.0,0.338,0.15,0.0,0.0,0.0,0.0,0.0,0.0,0.0,0.146,0.038,0.0,0.003,0.003,0.0,0.0,0.0,0.0,0.031,0.0,0.0,0.0,0.0,0.0,0.0,0.0,0.821,0.012,0.0,0.034,0.066,0.0,0.062,0.0,0.012,0.189,0.0,0.283,1.2949999999999997,1.044,0.0,0.116
148,TCD,Chad,Enquête sur la Consommation et le Secteur Informel - ECSI03,,0.0,0.0,0.0,0.0,0.0,0.0,0.0,0.238,0.479,0.0,0.0,0.0,0.0,0.0,0.228,0.0,0.0,0.0,0.0,0.0,0.0,0.0,0.0,0.0,0.048,0.114,0.0,0.0,0.0,0.0,0.0,0.811,0.0,0.0,0.945,0.9730000000000001
148,TCD,Chad,Demographic and Household Survey - DHS04,,0.0,0.0,0.0,0.0,0.0,0.0,0.0,0.114,0.647,0.0,0.0,0.0,0.0,0.0,0.18,0.0,0.003,0.0,0.0,0.0,0.0,0.0,0.0,0.0,0.001,0.111,0.0,0.0,0.0,0.0,0.0,0.881,0.0,0.002,0.9440000000000001,0.995
148,TCD,Chad,Multiple Indicator Cluster Survey - MICS10,2010,0.034,0.027,0.111,0.005,0.009,0.01,0.333,0.0,0.247,0.023,0.018,0.0,0.016,0.0,0.159,0.007,0.002,0.0,0.001,0.006,0.002,0.006,0.0,0.018,0.0,0.103,0.034,0.001,0.0,0.014,0.0,0.807,0.004,0.005,1.0010000000000001,1.0010000000000001
148,TCD,Chad,"Enquête Démographique et de Santé et à Indicateurs Multiples au Tchad, 2014-2015 - EDS-MICS15",,0.0,0.041,0.012,0.0,0.003,0.013,0.462,0.0,0.287,0.01,0.001,0.0,0.0,0.0,0.171,0.002,0.0,0.0,0.001,0.001,0.0,0.0,0.001,0.035,0.0,0.109,0.008,0.001,0.0,0.0,0.0,0.844,0.0,0.0,1.002,1.0
