ISO1366,ISOalpha3,Country name,source,year,u1,u2,u3,u4,u5,u6,u7,u8,u9,u10,u11,u12,u13,u14,u15,u16,u17,r1,r2,r3,r4,r5,r6,r7,r8,r9,r10,r11,r12,r13,r14,r15,r16,r17,urban total,rural total
144,LKA,Sri Lanka,Demografic Health Survey - DHS16,2016,0.123,0.051,0.769,0.0,0.012,0.013,0.0,0.001,0.0,0.0,0.0,0.0,0.0,0.0,0.0,0.004,0.005,0.0,0.021,0.017,0.918,0.0,0.002,0.0,0.001,0.0,0.0,0.0,0.0,0.0,0.0,0.0,0.012,0.002,0.0,0.015,0.009,0.015,0.01,0.0,0.002,0.0,0.0,0.013,1.0339999999999998,1.0239999999999998,0.02,0.021,0.0,0.001,0.0,0.001
144,LKA,Sri Lanka,Demographic and Health Survey - DHS00,,0.0,0.0,0.0,0.0,0.0,0.0,0.0,0.024,0.0,0.0,0.002,0.0,0.0,0.0,0.021,0.003,0.0,0.0,0.0,0.0,0.0,0.0,0.0,0.0,0.152,0.0,0.0,0.0,0.0,0.0,0.0,0.07,0.002,0.0,0.05,0.224
144,LKA,Sri Lanka,World Health Survey - WHS03,2003,0.251,0.433,0.0,0.0,0.0,0.0,0.057,0.01,0.0,0.0,0.0,0.0,0.0,0.0,0.0,0.014,0.031,0.0,0.069,0.224,0.0,0.0,0.0,0.0,0.005,0.0,0.0,0.0,0.0,0.0,0.0,0.0,0.042,0.079,0.0,0.113,0.118,0.0,0.059,0.0,0.002,0.047,0.0,0.015,0.8600000000000001,0.7110000000000001,0.0,0.002
144,LKA,Sri Lanka,Household Income and Expenditure Survey - HIES07,,0.0,0.0,0.0,0.0,0.0,0.0,0.0,0.04,0.0,0.0,0.0,0.0,0.0,0.0,0.038,0.002,0.0,0.0,0.0,0.0,0.0,0.0,0.0,0.0,0.059,0.0,0.0,0.0,0.0,0.0,0.0,0.03,0.002,0.0,0.08,0.091
144,LKA,Sri Lanka,Demographic and Health Survey - DHS07,2007,0.097,0.106,0.583,0.0,0.009,0.001,0.01,0.0,0.001,0.0,0.0,0.0,0.0,0.0,0.003,0.185,0.003,0.005,0.045,0.772,0.0,0.001,0.029,0.018,0.0,0.007,0.0,0.0,0.0,0.0,0.0,0.021,0.102,0.001,0.9980000000000001,1.0010000000000001
144,LKA,Sri Lanka,Preliminary Report Household Income and Expenditure 2009-2010 - HIES10,,0.0,0.0,0.0,0.0,0.0,0.0,0.0,0.0,0.0,0.0,0.0,0.0,0.0,0.919,0.004,0.077,0.0,0.0,0.0,0.0,0.0,0.0,0.0,0.0,0.0,0.0,0.0,0.0,0.0,0.0,0.906,0.037,0.056,0.0,1.0,0.9990000000000001
144,LKA,Sri Lanka,Household Income and Expenditure Survey - HIES13,,0.0,0.0,0.0,0.0,0.0,0.0,0.0,0.0,0.0,0.0,0.0,0.0,0.0,0.927,0.0,0.073,0.0,0.0,0.0,0.0,0.0,0.0,0.0,0.0,0.0,0.0,0.0,0.0,0.0,0.0,0.894,0.011,0.094,0.0,1.0,0.999
144,LKA,Sri Lanka,Household Income Expenditure Survey - HIES16,,0.0,0.0,0.0,0.0,0.0,0.0,0.0,0.0,0.0,0.0,0.0,0.0,0.0,0.935,0.0,0.066,0.0,0.0,0.0,0.0,0.0,0.0,0.0,0.0,0.0,0.0,0.0,0.0,0.0,0.0,0.919,0.005,0.077,0.0,1.0010000000000001,1.0010000000000001
