ISO1366,ISOalpha3,Country name,source,year,u1,u2,u3,u4,u5,u6,u7,u8,u9,u10,u11,u12,u13,u14,u15,u16,u17,r1,r2,r3,r4,r5,r6,r7,r8,r9,r10,r11,r12,r13,r14,r15,r16,r17,urban total,rural total
706,SOM,Somalia,"Multiple Indicator Cluster Survey, 1999-2000 - MICS00",,0.0,0.0,0.0,0.0,0.0,0.0,0.066,0.73,0.0,0.0,0.0,0.0,0.0,0.0,0.167,0.003,0.0,0.0,0.0,0.0,0.0,0.0,0.0,0.011,0.169,0.0,0.0,0.0,0.0,0.0,0.0,0.806,0.013,0.0,0.9660000000000001,0.9990000000000001
706,SOM,Somalia,Socio-Economic-Survey - SES02,,0.0,0.0,0.0,0.0,0.0,0.0,0.0,0.0,0.0,0.0,0.0,0.0,0.0,0.0,0.065,0.0,0.005,0.0,0.0,0.0,0.0,0.0,0.0,0.0,0.0,0.0,0.0,0.0,0.0,0.0,0.0,0.705,0.0,0.013,0.07,0.718
706,SOM,Somalia,Multiple Indicator Cluster Survey - MICS06,2006,0.206,0.014,0.413,0.0,0.002,0.016,0.125,0.0,0.144,0.0,0.0,0.0,0.0,0.0,0.076,0.001,0.002,0.002,0.0,0.075,0.0,0.0,0.007,0.041,0.0,0.048,0.0,0.0,0.0,0.0,0.0,0.822,0.002,0.002,0.999,0.9989999999999999
706,SOM,Somalia,"Somalia High Frequency Survey, 2016 - HFS16",,0.0,0.0,0.0,0.0,0.0,0.0,0.0,0.778,0.0,0.0,0.0,0.0,0.0,0.0,0.036,0.046,0.0,0.0,0.0,0.0,0.0,0.0,0.0,0.0,0.374,0.0,0.0,0.0,0.0,0.0,0.0,0.135,0.478,0.0,0.8600000000000001,0.987
706,SOM,Somalia,"Somalia High Frequency Survey, 2017 wave 2 - HFS17",2017,0.219,0.076,0.307,0.012,0.014,0.08,0.215,0.0,0.062,0.002,0.004,0.0,0.001,0.0,0.003,0.003,0.0,0.023,0.012,0.085,0.0,0.003,0.013,0.148,0.0,0.185,0.008,0.005,0.0,0.004,0.0,0.452,0.06,0.0,0.9979999999999999,0.998
