ISO1366,ISOalpha3,Country name,source,year,u1,u2,u3,u4,u5,u6,u7,u8,u9,u10,u11,u12,u13,u14,u15,u16,u17,r1,r2,r3,r4,r5,r6,r7,r8,r9,r10,r11,r12,r13,r14,r15,r16,r17,urban total,rural total
762,TJK,Tajikistan,Multiple Indicator Cluster Survey - MICS00,,0.0,0.0,0.0,0.0,0.0,0.0,0.076,0.523,0.024,0.0,0.0,0.0,0.0,0.0,0.0,0.0,0.003,0.0,0.0,0.0,0.0,0.0,0.0,0.04,0.828,0.109,0.0,0.0,0.0,0.0,0.0,0.011,0.0,0.002,0.626,0.99
762,TJK,Tajikistan,Poverty Reduction Monitoring Survey (PMS) - PMS02,,0.0,0.0,0.0,0.0,0.0,0.0,0.148,0.0,0.364,0.0,0.0,0.0,0.0,0.0,0.025,0.0,0.0,0.0,0.0,0.0,0.0,0.0,0.0,0.098,0.0,0.884,0.0,0.0,0.0,0.0,0.0,0.016,0.0,0.0,0.537,0.998
762,TJK,Tajikistan,Living Standarts Measurement Survey - LSMS03,,0.0,0.0,0.0,0.0,0.0,0.0,0.0,0.38,0.0,0.0,0.0,0.0,0.0,0.0,0.003,0.0,0.0,0.0,0.0,0.0,0.0,0.0,0.0,0.0,0.839,0.0,0.0,0.0,0.0,0.0,0.0,0.023,0.001,0.0,0.383,0.863
762,TJK,Tajikistan,Multiple Indicator Cluster Survey - MICS05,2005,0.458,0.007,0.011,0.005,0.0,0.003,0.496,0.0,0.018,0.0,0.0,0.0,0.0,0.0,0.001,0.0,0.0,0.012,0.005,0.01,0.0,0.0,0.001,0.895,0.0,0.071,0.0,0.0,0.0,0.0,0.0,0.005,0.0,0.0,0.999,0.999
762,TJK,Tajikistan,Living Standrads Measurement Study - LSMS07,2007,0.448,0.027,0.0,0.0,0.0,0.0,0.515,0.0,0.0,0.0,0.0,0.0,0.0,0.0,0.001,0.0,0.0,0.013,0.009,0.0,0.0,0.0,0.0,0.966,0.0,0.0,0.0,0.0,0.0,0.0,0.0,0.006,0.0,0.0,0.991,0.994
762,TJK,Tajikistan,Demographic Health Survey (DHS) - DHS12,2012,0.552,0.003,0.015,0.0,0.007,0.122,0.009,0.018,0.0,0.006,0.0,0.0,0.0,0.0,0.0,0.001,0.001,0.002,0.001,0.0,0.003,0.0,0.002,0.006,0.012,0.0,0.035,0.0,0.0,0.0,0.001,0.0,0.004,0.0,0.001,0.238,0.698,0.244,0.71,0.0,0.035,0.113,0.272,0.29,1.4169999999999998,1.9899999999999998,0.0,0.006
762,TJK,Tajikistan,Demographic and Health Survey - DHS17,2017,0.503,0.003,0.044,0.0,0.001,0.055,0.39,0.0,0.001,0.0,0.0,0.0,0.002,0.0,0.0,0.0,0.0,0.005,0.002,0.02,0.0,0.0,0.102,0.859,0.0,0.004,0.001,0.005,0.0,0.002,0.0,0.0,0.0,0.0,0.9990000000000001,1.0
